id;name;surface;draw_size;level;date
1;Panama;capacitor;74987;Fantastic Usability;2023-04-22
2;Consultant;auxiliary invoice Persistent;19305;indexing Branding;2023-04-22
3;Palladium protocol;override Guam;57062;Connecticut Buckinghamshire;2023-04-22
4;streamline pink;black;23918;Incredible;2023-04-22
5;Sausages;Cotton;53362;web-enabled invoice;2023-04-22
6;SDD;Fish drive;94404;Usability Real THX;2023-04-23
7;Sports fuchsia Enterprise-wide;Soft auxiliary bluetooth;47054;and Connecticut Dong;2023-04-23
8;Business-focused Metrics;Sharable utilize;99394;transform hacking International;2023-04-23
9;Supervisor;invoice quantify;94445;Associate compress Ohio;2023-04-22
10;Investment Forge;whiteboard Car Future-proofed;79476;benchmark concept programming;2023-04-22
